{
  "id": "1759802",
  "name": "磊数科技-宜宾app",
  "font_family": "iconfont",
  "css_prefix_text": "iconfont-",
  "description": "",
  "glyphs": [
    {
      "icon_id": "11943276",
      "name": "图片-破损",
      "font_class": "tupian-poshun",
      "unicode": "e61d",
      "unicode_decimal": 58909
    },
    {
      "icon_id": "608274",
      "name": "地图",
      "font_class": "map",
      "unicode": "e67a",
      "unicode_decimal": 59002
    },
    {
      "icon_id": "526005",
      "name": "注册",
      "font_class": "copyright",
      "unicode": "e61c",
      "unicode_decimal": 58908
    },
    {
      "icon_id": "6805502",
      "name": "Excel",
      "font_class": "excel",
      "unicode": "e998",
      "unicode_decimal": 59800
    },
    {
      "icon_id": "6665539",
      "name": "场地预定",
      "font_class": "garbage-station",
      "unicode": "e692",
      "unicode_decimal": 59026
    },
    {
      "icon_id": "693031",
      "name": "菜单",
      "font_class": "menu",
      "unicode": "e614",
      "unicode_decimal": 58900
    },
    {
      "icon_id": "5777537",
      "name": "职务管理",
      "font_class": "job",
      "unicode": "e616",
      "unicode_decimal": 58902
    },
    {
      "icon_id": "6882972",
      "name": "角色管理",
      "font_class": "role",
      "unicode": "e617",
      "unicode_decimal": 58903
    },
    {
      "icon_id": "6977894",
      "name": "权限",
      "font_class": "permission",
      "unicode": "e618",
      "unicode_decimal": 58904
    },
    {
      "icon_id": "7674877",
      "name": "权限/结构",
      "font_class": "organization",
      "unicode": "e712",
      "unicode_decimal": 59154
    },
    {
      "icon_id": "14463320",
      "name": "字典值",
      "font_class": "dict",
      "unicode": "e765",
      "unicode_decimal": 59237
    },
    {
      "icon_id": "5661122",
      "name": "地址",
      "font_class": "address",
      "unicode": "e61b",
      "unicode_decimal": 58907
    },
    {
      "icon_id": "7372569",
      "name": "反馈",
      "font_class": "feedback",
      "unicode": "e60f",
      "unicode_decimal": 58895
    },
    {
      "icon_id": "8081373",
      "name": "问题",
      "font_class": "question",
      "unicode": "e613",
      "unicode_decimal": 58899
    },
    {
      "icon_id": "9241153",
      "name": "项目",
      "font_class": "project",
      "unicode": "e64c",
      "unicode_decimal": 58956
    },
    {
      "icon_id": "14303362",
      "name": "审核",
      "font_class": "review",
      "unicode": "e74b",
      "unicode_decimal": 59211
    },
    {
      "icon_id": "10017847",
      "name": "设备",
      "font_class": "device",
      "unicode": "e62a",
      "unicode_decimal": 58922
    },
    {
      "icon_id": "11941255",
      "name": "工厂",
      "font_class": "manufacturer",
      "unicode": "e611",
      "unicode_decimal": 58897
    },
    {
      "icon_id": "2959130",
      "name": "作业道路",
      "font_class": "form-road",
      "unicode": "e63e",
      "unicode_decimal": 58942
    },
    {
      "icon_id": "886907",
      "name": "全屏",
      "font_class": "fullscreen",
      "unicode": "e61f",
      "unicode_decimal": 58911
    },
    {
      "icon_id": "11537890",
      "name": "巡检记录",
      "font_class": "form-todayCheck",
      "unicode": "e657",
      "unicode_decimal": 58967
    },
    {
      "icon_id": "250694",
      "name": "成功已解决",
      "font_class": "form-success",
      "unicode": "e6d3",
      "unicode_decimal": 59091
    },
    {
      "icon_id": "421412",
      "name": "审核",
      "font_class": "form-review",
      "unicode": "e69e",
      "unicode_decimal": 59038
    },
    {
      "icon_id": "3702770",
      "name": "短信接收",
      "font_class": "form-receive",
      "unicode": "e642",
      "unicode_decimal": 58946
    },
    {
      "icon_id": "14738276",
      "name": "邮箱",
      "font_class": "form-emai-copy",
      "unicode": "e853",
      "unicode_decimal": 59475
    },
    {
      "icon_id": "4933441",
      "name": "邮箱",
      "font_class": "youxiang",
      "unicode": "e769",
      "unicode_decimal": 59241
    },
    {
      "icon_id": "6036694",
      "name": "用户",
      "font_class": "form-user",
      "unicode": "e647",
      "unicode_decimal": 58951
    },
    {
      "icon_id": "11673428",
      "name": "id",
      "font_class": "form-id",
      "unicode": "e66d",
      "unicode_decimal": 58989
    },
    {
      "icon_id": "1127325",
      "name": "房子",
      "font_class": "fangzi",
      "unicode": "e61a",
      "unicode_decimal": 58906
    },
    {
      "icon_id": "5650485",
      "name": "房子",
      "font_class": "icon-test",
      "unicode": "e60e",
      "unicode_decimal": 58894
    },
    {
      "icon_id": "10717820",
      "name": "用户默认头像",
      "font_class": "yonghumorentouxiang",
      "unicode": "e612",
      "unicode_decimal": 58898
    },
    {
      "icon_id": "9091862",
      "name": "车辆管理",
      "font_class": "cheliang",
      "unicode": "e652",
      "unicode_decimal": 58962
    },
    {
      "icon_id": "5659683",
      "name": "机动车发动机号码、车辆识别代号变更备案",
      "font_class": "jidongchefadongjihaomacheliangshibiedaihaobiangengbeian",
      "unicode": "e67b",
      "unicode_decimal": 59003
    },
    {
      "icon_id": "5918699",
      "name": "派单管理",
      "font_class": "weibaoxitongshangchuanlogo-",
      "unicode": "e60d",
      "unicode_decimal": 58893
    },
    {
      "icon_id": "10369088",
      "name": "04-2.问题上报与反馈",
      "font_class": "-wentishangbaoyufankui",
      "unicode": "e63d",
      "unicode_decimal": 58941
    },
    {
      "icon_id": "11190010",
      "name": "视频",
      "font_class": "shipin1",
      "unicode": "e681",
      "unicode_decimal": 59009
    },
    {
      "icon_id": "11295787",
      "name": "检查",
      "font_class": "jiancha",
      "unicode": "e655",
      "unicode_decimal": 58965
    },
    {
      "icon_id": "14147988",
      "name": "复制",
      "font_class": "fuzhi",
      "unicode": "e626",
      "unicode_decimal": 58918
    },
    {
      "icon_id": "1546570",
      "name": "返回",
      "font_class": "fanhui",
      "unicode": "e691",
      "unicode_decimal": 59025
    },
    {
      "icon_id": "1580007",
      "name": "朋友圈",
      "font_class": "pengyouquan",
      "unicode": "e622",
      "unicode_decimal": 58914
    },
    {
      "icon_id": "14081107",
      "name": "微信",
      "font_class": "weixin",
      "unicode": "e60c",
      "unicode_decimal": 58892
    },
    {
      "icon_id": "12656426",
      "name": "项目工期",
      "font_class": "xiangmugongqi",
      "unicode": "e686",
      "unicode_decimal": 59014
    },
    {
      "icon_id": "7874991",
      "name": "滑块",
      "font_class": "huakuai",
      "unicode": "e60b",
      "unicode_decimal": 58891
    },
    {
      "icon_id": "11270692",
      "name": "书架",
      "font_class": "shujia",
      "unicode": "e605",
      "unicode_decimal": 58885
    },
    {
      "icon_id": "11474726",
      "name": "二维码",
      "font_class": "ico",
      "unicode": "e603",
      "unicode_decimal": 58883
    },
    {
      "icon_id": "911865",
      "name": "帽子",
      "font_class": "maozi",
      "unicode": "e601",
      "unicode_decimal": 58881
    },
    {
      "icon_id": "1196486",
      "name": "密码",
      "font_class": "mima",
      "unicode": "e609",
      "unicode_decimal": 58889
    },
    {
      "icon_id": "1436709",
      "name": "铃铛",
      "font_class": "note",
      "unicode": "e685",
      "unicode_decimal": 59013
    },
    {
      "icon_id": "1968125",
      "name": "扫描",
      "font_class": "ccgl-yundanpicisaomiao-5",
      "unicode": "e66c",
      "unicode_decimal": 58988
    },
    {
      "icon_id": "2032234",
      "name": "客服",
      "font_class": "kefu",
      "unicode": "e662",
      "unicode_decimal": 58978
    },
    {
      "icon_id": "2289076",
      "name": "视频",
      "font_class": "shipin",
      "unicode": "e607",
      "unicode_decimal": 58887
    },
    {
      "icon_id": "2685042",
      "name": "待办",
      "font_class": "daiban",
      "unicode": "e619",
      "unicode_decimal": 58905
    },
    {
      "icon_id": "5072814",
      "name": "信息",
      "font_class": "xinxi",
      "unicode": "e608",
      "unicode_decimal": 58888
    },
    {
      "icon_id": "5278122",
      "name": "处理",
      "font_class": "chuli",
      "unicode": "e610",
      "unicode_decimal": 58896
    },
    {
      "icon_id": "8129146",
      "name": "关于我们",
      "font_class": "wode-guanyuwomen",
      "unicode": "e602",
      "unicode_decimal": 58882
    },
    {
      "icon_id": "10004383",
      "name": "发起",
      "font_class": "faqi",
      "unicode": "e852",
      "unicode_decimal": 59474
    },
    {
      "icon_id": "10327741",
      "name": "异常",
      "font_class": "yichang",
      "unicode": "e600",
      "unicode_decimal": 58880
    },
    {
      "icon_id": "11840383",
      "name": "塔机",
      "font_class": "taji",
      "unicode": "e646",
      "unicode_decimal": 58950
    },
    {
      "icon_id": "11858561",
      "name": "关键人员到岗",
      "font_class": "guanjianrenyuandaogang",
      "unicode": "e711",
      "unicode_decimal": 59153
    },
    {
      "icon_id": "12503488",
      "name": "质安部",
      "font_class": "zhianbu",
      "unicode": "e60a",
      "unicode_decimal": 58890
    },
    {
      "icon_id": "12599873",
      "name": "升降机",
      "font_class": "shengjiangji",
      "unicode": "e682",
      "unicode_decimal": 59010
    },
    {
      "icon_id": "13432990",
      "name": "扬尘",
      "font_class": "yangchen",
      "unicode": "e615",
      "unicode_decimal": 58901
    },
    {
      "icon_id": "13936220",
      "name": "设 置",
      "font_class": "shezhi",
      "unicode": "e604",
      "unicode_decimal": 58884
    },
    {
      "icon_id": "3637767",
      "name": "车",
      "font_class": "che",
      "unicode": "e606",
      "unicode_decimal": 58886
    },
    {
      "icon_id": "746181",
      "name": "地址",
      "font_class": "dizhi",
      "unicode": "e699",
      "unicode_decimal": 59033
    },
    {
      "icon_id": "978613",
      "name": "人",
      "font_class": "ren",
      "unicode": "e7e9",
      "unicode_decimal": 59369
    },
    {
      "icon_id": "12574711",
      "name": "首页书架",
      "font_class": "shouyeshujia",
      "unicode": "e6c1",
      "unicode_decimal": 59073
    }
  ]
}
