{
  "point":
  {
    "lng": 104.646816,
    "lat": 28.755727,
    "of": "inner"
  },
  "address": "四川省宜宾市叙州区",
  "addressComponents":
  {
    "streetNumber": "",
    "street": "",
    "district": "叙州区",
    "city": "宜宾市",
    "province": "四川省"
  },
  "surroundingPois": [
  {
    "title": "宜宾市委党校",
    "uid": "b9e5d0b8ce88f3bd81a12e29",
    "point":
    {
      "lng": 104.646412,
      "lat": 28.756014,
      "of": "inner"
    },
    "city": "宜宾市",
    "Xi": "政府机构",
    "type": 0,
    "address": "蜀南大道中段69号",
    "postcode": null,
    "phoneNumber": null,
    "tu": ["政府机构"]
  },
  {
    "title": "江南宾馆(蜀南大道店)",
    "uid": "edd64ce16d5352903fe2312f",
    "point":
    {
      "lng": 104.647507,
      "lat": 28.755919,
      "of": "inner"
    },
    "city": "宜宾市",
    "Xi": "酒店",
    "type": 0,
    "address": "蜀南大道中段69号(近宜宾市政府)",
    "postcode": null,
    "phoneNumber": null,
    "tu": ["酒店"]
  }],
  "business": "蜀南大道,绿洲家园,商贸路"
}