{
  "id": "1759802",
  "name": "磊数科技-宜宾app",
  "font_family": "iconfont",
  "css_prefix_text": "iconfont-",
  "description": "",
  "glyphs": [
    {
      "icon_id": "1546570",
      "name": "返回",
      "font_class": "fanhui",
      "unicode": "e691",
      "unicode_decimal": 59025
    },
    {
      "icon_id": "1580007",
      "name": "朋友圈",
      "font_class": "pengyouquan",
      "unicode": "e622",
      "unicode_decimal": 58914
    },
    {
      "icon_id": "14081107",
      "name": "微信",
      "font_class": "weixin",
      "unicode": "e60c",
      "unicode_decimal": 58892
    },
    {
      "icon_id": "12656426",
      "name": "项目工期",
      "font_class": "xiangmugongqi",
      "unicode": "e686",
      "unicode_decimal": 59014
    },
    {
      "icon_id": "7874991",
      "name": "滑块",
      "font_class": "huakuai",
      "unicode": "e60b",
      "unicode_decimal": 58891
    },
    {
      "icon_id": "11270692",
      "name": "书架",
      "font_class": "shujia",
      "unicode": "e605",
      "unicode_decimal": 58885
    },
    {
      "icon_id": "11474726",
      "name": "二维码",
      "font_class": "ico",
      "unicode": "e603",
      "unicode_decimal": 58883
    },
    {
      "icon_id": "911865",
      "name": "帽子",
      "font_class": "maozi",
      "unicode": "e601",
      "unicode_decimal": 58881
    },
    {
      "icon_id": "1196486",
      "name": "密码",
      "font_class": "mima",
      "unicode": "e609",
      "unicode_decimal": 58889
    },
    {
      "icon_id": "1436709",
      "name": "铃铛",
      "font_class": "note",
      "unicode": "e685",
      "unicode_decimal": 59013
    },
    {
      "icon_id": "1968125",
      "name": "扫描",
      "font_class": "ccgl-yundanpicisaomiao-5",
      "unicode": "e66c",
      "unicode_decimal": 58988
    },
    {
      "icon_id": "2032234",
      "name": "客服",
      "font_class": "kefu",
      "unicode": "e662",
      "unicode_decimal": 58978
    },
    {
      "icon_id": "2289076",
      "name": "视频",
      "font_class": "shipin",
      "unicode": "e607",
      "unicode_decimal": 58887
    },
    {
      "icon_id": "2685042",
      "name": "待办",
      "font_class": "daiban",
      "unicode": "e619",
      "unicode_decimal": 58905
    },
    {
      "icon_id": "5072814",
      "name": "信息",
      "font_class": "xinxi",
      "unicode": "e608",
      "unicode_decimal": 58888
    },
    {
      "icon_id": "5278122",
      "name": "处理",
      "font_class": "chuli",
      "unicode": "e610",
      "unicode_decimal": 58896
    },
    {
      "icon_id": "8129146",
      "name": "关于我们",
      "font_class": "wode-guanyuwomen",
      "unicode": "e602",
      "unicode_decimal": 58882
    },
    {
      "icon_id": "10004383",
      "name": "发起",
      "font_class": "faqi",
      "unicode": "e852",
      "unicode_decimal": 59474
    },
    {
      "icon_id": "10327741",
      "name": "异常",
      "font_class": "yichang",
      "unicode": "e600",
      "unicode_decimal": 58880
    },
    {
      "icon_id": "11840383",
      "name": "塔机",
      "font_class": "taji",
      "unicode": "e646",
      "unicode_decimal": 58950
    },
    {
      "icon_id": "11858561",
      "name": "关键人员到岗",
      "font_class": "guanjianrenyuandaogang",
      "unicode": "e711",
      "unicode_decimal": 59153
    },
    {
      "icon_id": "12503488",
      "name": "质安部",
      "font_class": "zhianbu",
      "unicode": "e60a",
      "unicode_decimal": 58890
    },
    {
      "icon_id": "12599873",
      "name": "升降机",
      "font_class": "shengjiangji",
      "unicode": "e682",
      "unicode_decimal": 59010
    },
    {
      "icon_id": "13432990",
      "name": "扬尘",
      "font_class": "yangchen",
      "unicode": "e615",
      "unicode_decimal": 58901
    },
    {
      "icon_id": "13936220",
      "name": "设 置",
      "font_class": "shezhi",
      "unicode": "e604",
      "unicode_decimal": 58884
    },
    {
      "icon_id": "3637767",
      "name": "车",
      "font_class": "che",
      "unicode": "e606",
      "unicode_decimal": 58886
    },
    {
      "icon_id": "746181",
      "name": "地址",
      "font_class": "dizhi",
      "unicode": "e699",
      "unicode_decimal": 59033
    },
    {
      "icon_id": "978613",
      "name": "人",
      "font_class": "ren",
      "unicode": "e7e9",
      "unicode_decimal": 59369
    },
    {
      "icon_id": "12574711",
      "name": "首页书架",
      "font_class": "shouyeshujia",
      "unicode": "e6c1",
      "unicode_decimal": 59073
    }
  ]
}
